experiment_id	lane	device_provider	workload	source_hash	control_ms	candidate_ms	correctness	status	evidence	hypothesis
native-portable-v1-cpu	native-cpu	Mac ARM64 / ort cpu	26-frame ordinary FP32 synthesis	34642b0171ebe3940acfe474f244f09e19ae5d8050d086d696eec2dfd4895aec	744.516,633.592	700.663,709.371	31/31 in all four ABBA sessions	inconclusive	autoresearch/artifacts/f26b91fa-e1ed-4863-95d7-50e79b838d75/report.json	Fused torch modulation / spatial weight-modulation ORT; load and order drift prevent promotion
native-portable-v1-mps	native-gpu	Mac ARM64 / torch mps	26-frame ordinary FP32 synthesis	34642b0171ebe3940acfe474f244f09e19ae5d8050d086d696eec2dfd4895aec	219.984,258.826	210.549,210.07	31/31 in all four ABBA sessions	inconclusive	autoresearch/artifacts/3cd8ab15-832e-4bf3-ae36-ef11a9cd6e13/report.json	Fused torch modulation / spatial weight-modulation ORT; load and order drift prevent promotion
browser-v9-colour	browser-gpu	Mac Brave/Chromium 151	RGB pipeline	555a0d4e7e733029520f75941673c334a33c94d8d30f5e4dcdea651f7f2138a1			1 reference checks passed	keep	review-artifacts/device-lab-runs/638d9282-e435-4eb1-97fa-b861b2e5eaa1.json	Isolate colour stage
browser-v9-mobile-124	browser-gpu	Mac Brave/Chromium 151	1024px ordinary synthesis	27471d6830d9c005e143bf81cc9b49a18a5b69dfe53eb6544d80007cd91bf75a		277.8817307696893	31 reference checks passed	inconclusive	review-artifacts/device-lab-runs/638d9282-e435-4eb1-97fa-b861b2e5eaa1.json	Newer tiled runtime: full31 passed; focus emulation, no paired speed promotion
browser-v9-cpu-1	browser-cpu	Mac Brave151 / WASM 1 thread	1024px FP32 screening	3dd27a69ca37d041da7d899ad99ad0bbbce767e5a87a74cf4b8c7659062e60fd		43907.590000003576	3/3 screening cases passed; not full31	inconclusive	review-artifacts/device-lab-runs/33ba6209-3ce1-48c9-9226-950227af12ee.json	Spatial vs weight modulation; focus emulation; combined browser lease timed out and agent stopped remaining worker
browser-v9-cpu-weight-1	browser-cpu	Mac Brave151 / WASM 1 thread	1024px FP32 screening	3dd27a69ca37d041da7d899ad99ad0bbbce767e5a87a74cf4b8c7659062e60fd			2/3 screening cases passed; not full31	inconclusive	review-artifacts/device-lab-runs/33ba6209-3ce1-48c9-9226-950227af12ee.json	Spatial vs weight modulation; focus emulation; combined browser lease timed out and agent stopped remaining worker
mobile-boundary-bounded	browser-gpu	Mac / WebGPU ORT 1.22	1024px FP32 ordinary synthesis	82bc9dd8a3128bd25c422eb36447787d4c041c4da79e7cad94aedeea1989dbd1	unpaired	314.9248076918033	31/31 RGB max1	inconclusive	review-artifacts/mobile-boundary-v1/mac-smoke.json	Bounded zero-padding fixes phone edge divergence; Mac validation passed, phone pending
mobile-boundary-unrolled	browser-gpu	Mac / WebGPU ORT 1.22	1024px FP32 ordinary synthesis	82bc9dd8a3128bd25c422eb36447787d4c041c4da79e7cad94aedeea1989dbd1	unpaired	327.4325000001834	31/31 RGB max1	inconclusive	review-artifacts/mobile-boundary-v1/mac-smoke.json	Bounded zero-padding fixes phone edge divergence; Mac validation passed, phone pending
mobile-boundary-bounded-phone	browser-gpu	operator S24 Ultra / Brave WebGPU ORT1.22	1024px FP32 ordinary synthesis	82bc9dd8a3128bd25c422eb36447787d4c041c4da79e7cad94aedeea1989dbd1	2582.4	686.1159615390576	7/7 RGB max1; full31 pending	keep	review-artifacts/device-lab-runs/12723cce-f4e8-4cbe-8492-90a281b8536b.json	Explicit bounded padding eliminates observed phone edge error; CPU comparison has different timing scope
mobile-boundary-unrolled-phone	browser-gpu	operator S24 Ultra / Brave WebGPU ORT1.22	1024px FP32 ordinary synthesis	82bc9dd8a3128bd25c422eb36447787d4c041c4da79e7cad94aedeea1989dbd1	2582.4	724.9934615389659	7/7 RGB max1; full31 pending	inconclusive	review-artifacts/device-lab-runs/12723cce-f4e8-4cbe-8492-90a281b8536b.json	Explicit bounded padding eliminates observed phone edge error; CPU comparison has different timing scope
iphone-memory-v1	browser-gpu	Mac / WebGPU ORT1.22 memory fork	1024px FP32 ordinary synthesis	4a8b5a25a3097c79c96b03eca3dde2e8365ad71accef84ce45a7490721894012	unpaired	294.3723076925828	31/31 RGB max1	candidate	review-artifacts/iphone-memory-v1/mac-local-smoke.json	Reduce GPU pooling and phase/suffix scratch overlap; 710.15 MiB observed GPUBuffer peak; iPhone retest pending
iphone-webgl-hybrid-v1-simulator	browser-gpu	iPhone18ProMax/iOS27 Simulator; CPU prefix+WebGL2 suffix	full1024 fixed31 + cached originals + generated MP4	dcfe4f47f93e1a57736822ab093628bb5dafb28a5705b684b80114a806e20670	unpaired	4360.56	31/31 RGBmax1 floatmax1.7762184143066406e-5; cache/encode/decode/nativeplayback passed	inconclusive	review-artifacts/iphone-simulator-v1/webgl-hybrid-d3356195-71b2-4c40-8cf9-38e841fc1c8b/report.json	Feasibility established in actual Simulator; no physical-iPhone speed/memory or paired benefit claim
iphone-webgl-hybrid-v1-public-e2e	browser-gpu	iPhone18ProMax/iOS27 Simulator; publicHTTPS	full1024 fixed31 + cache + MP4 + saved report	dcfe4f47f93e1a57736822ab093628bb5dafb28a5705b684b80114a806e20670	unpaired	4851.98000000004	31/31 RGBmax1; cache/FFmpeg/nativeplayback passed	inconclusive	review-artifacts/iphone-simulator-v1/webgl-hybrid-53e071bc-1fae-4e50-adf2-6c43f8bbd9ff/report.json	Published real-device candidate E2E passes Simulator; physical performance pending
e4e-native-cpu-coverage-v1	native-cpu	macOS-26.6.2-arm64-arm-64bit arm64	two-photo real e4e regression	518bed62c19d4e4895a66e5297a9ff38da6cf78c990027c6172ab4703d93f3f7	unpaired	not-a-speed-comparison	fixed W+ references/repeat/no-face/malformed passed	inconclusive	autoresearch/artifacts/9dd5a993-e645-4450-a0b8-bfef80f0b013/report.json	Separate e4e proof from synthesis/MP4; exact other-platform paths pending
pure-webgl-ladder-first-face	browser-gpu	iPhone18ProMax/iOS27 Simulator	full1024 oneface FP32 pureWebGL	cbcd808b83e95e34a06700cbd377f66a9444ea6b1e0777d258cb6d64885d3541	unpaired	17752.560000000005	oneface RGBmax1 float8.136e-6; noORT/WASM	inconclusive	review-artifacts/iphone-simulator-v1/webgl-batch-73ad6ad1-4598-4395-819f-b6661e5c9f4b/report.json	Eliminate largeWASMheap; speed and full31 remainunproven atthisrevision
iphone-pure-webgl-vector32-local	browser-gpu	iPhone18ProMax/iOS27 Simulator	full1024 fixed31 + cache + MP4	905abe6c2f39051083379c9648efbde2908175391c364b8c29ebab564431df12	unpaired	6798.059999999998	31/31 RGBmax1; cache/FFmpeg/nativeplayback passed	inconclusive	review-artifacts/iphone-simulator-v1/webgl-batch-ca310136-af21-454a-b561-7cbbb523b279/report.json	NoORT/WASM; managedpeak291.14MiB includes64MiBreserve; physicaliPhone/e4e pending
iphone-pure-webgl-public-e2e	browser-gpu	iPhone18ProMax/iOS27 Simulator; publicHTTPS	full1024 fixed31 + cache + MP4	905abe6c2f39051083379c9648efbde2908175391c364b8c29ebab564431df12	unpaired	8468.199999999953	31/31 RGBmax1; cache/FFmpeg/nativeplayback passed	inconclusive	review-artifacts/iphone-simulator-v1/webgl-batch-13caad32-9f08-4db7-a450-b15b8aa64a53/report.json	NoORT/WASM; autosave verified; physicaliPhone/e4e pending
e4e-whole-pipeline-public-cold-v1	browser-cpu	macOS ARM64 Chrome; publicHTTPS	five photos plus morph/export screen	0c479d637a0ed442de54ef66543b869287da8d2ec92c781928a61f30b06eeaf3	unpaired	not-a-speed-comparison	malformed and first alignment pass; stopped during encoder assets	inconclusive	review-artifacts/e4e-lab-v1/browser/interrupted-cold-report.json	Controller timeout and hidden tab; clean explicit stop; retained assets; no pipeline pass
e4e-fp16-v1	browser-cpu	Mac ARM64 / Node onnxruntime-web WASM EP 1.24.3 (same version/EP as product)	e4e photo encoder, 5 pinned canaries (seed-0/1 aligned+unaligned, no-face-aligned)	d525a985a43e4d49ef4590a8b8cc6f487992065bee00014fe8c6f8ab4ac291b1	5607.7	5679.3	5/5 canaries maxAbs 0.0017-0.0048, FAILS 1e-4 (17x-48x over); RGB visually near-identical, max channel diff 3-4/255	proposed	autoresearch/candidates/e4e-fp16-v1/RESULTS.md	H-E1: fp16 e4e halves acquireMs and weight bytes but fails 1e-4 W+ tolerance; createMs and peak WASM heap increase instead of decreasing; runMs flat. Single Mac lane only, not promoted; tolerance widening only proposed (~5e-3), not applied.
e4e-fp16-v1-108shard	browser-cpu	Mac ARM64 / Node onnxruntime-web WASM EP 1.24.3 (same version/EP as product)	e4e photo encoder, shard-count-matched (108) re-export, 5 pinned canaries	d525a985a43e4d49ef4590a8b8cc6f487992065bee00014fe8c6f8ab4ac291b1	5607.7	6273.2	5/5 canaries maxAbs 0.0018-0.0048, FAILS 1e-4; shard-count-matched control isolates fp16-specific createMs/heap regression from shard-packing effects	proposed	autoresearch/candidates/e4e-fp16-v1/RESULTS.md	H-E1 follow-up: forcing the same 108-shard count as fp32 (8 MiB cap) confirms createMs (+96%) and peak WASM heap (+84%) increases are fp16-precision effects, not shard-packing artifacts. Single Mac lane only, not promoted.
ios-sim-shell-gpu-waste	browser-cpu	iOS 26.5 Simulator (iPhone 17 Pro) Safari 26.5 on Apple Silicon	cold first face, product UI	-	330	150	no correctness regression; cache bytes MiB not ms	keep	facemorph.me/next-ios-evidence{,-v2}/report.json	navigator.gpu exists on iOS Safari while requestAdapter() returns null; choosing the route on the object alone downloaded the 212 MiB WebGPU bundle before admission could fail. Probing the adapter first cuts a cold iOS start from 330 MiB to 150 MiB
ios-sim-webgl-vs-cpu	browser-cpu	iOS 26.5 Simulator (iPhone 17 Pro) Safari 26.5 on Apple Silicon	warm synthesis, 1024px	-	1462.34	7084.52	both routes produced a face; UNPAIRED - separate runs, different cache states	proposed	facemorph.me/next-ios-evidence{,-v2}/report.json	On this WebKit target CPU measured 4.8x faster than WebGL (1462 vs 7085 ms/face), mirroring the Android reversal. The iOS prior leads with WebGL on a memory argument, not a speed one. Needs a paired same-run comparison before the prior moves
